2026-02-05T11:03:12Z,keycloak-0,ERR,ERR
2026-02-05T11:03:47Z,keycloak-0,ERR,ERR
2026-02-05T11:04:22Z,keycloak-0,ERR,ERR
2026-02-05T11:04:57Z,keycloak-0,ERR,ERR
2026-02-05T11:05:32Z,keycloak-0,ERR,ERR
2026-02-05T11:06:07Z,keycloak-0,ERR,ERR
2026-02-05T11:06:42Z,keycloak-0,ERR,ERR
2026-02-05T11:07:17Z,keycloak-0,ERR,ERR
2026-02-05T11:07:52Z,keycloak-0,ERR,ERR
2026-02-05T11:08:27Z,keycloak-0,ERR,ERR
2026-02-05T11:09:02Z,keycloak-0,ERR,ERR
2026-02-05T11:09:37Z,keycloak-0,ERR,ERR
2026-02-05T11:10:12Z,keycloak-0,ERR,ERR
2026-02-05T11:10:48Z,keycloak-0,ERR,ERR
2026-02-05T11:11:23Z,keycloak-0,ERR,ERR
2026-02-05T11:11:58Z,keycloak-0,ERR,ERR
2026-02-05T11:12:33Z,keycloak-0,ERR,ERR
2026-02-05T11:13:08Z,keycloak-0,ERR,ERR
2026-02-05T11:13:43Z,keycloak-0,ERR,ERR
2026-02-05T11:14:18Z,keycloak-0,ERR,ERR
2026-02-05T11:14:53Z,keycloak-0,ERR,ERR
2026-02-05T11:15:28Z,keycloak-0,ERR,ERR
2026-02-05T11:16:03Z,keycloak-0,ERR,ERR
2026-02-05T11:16:38Z,keycloak-0,ERR,ERR
2026-02-05T11:17:13Z,keycloak-0,ERR,ERR
2026-02-05T11:17:48Z,keycloak-0,ERR,ERR
2026-02-05T11:18:23Z,keycloak-0,ERR,ERR
2026-02-05T11:18:59Z,keycloak-0,ERR,ERR
2026-02-05T11:19:34Z,keycloak-0,ERR,ERR
2026-02-05T11:20:09Z,keycloak-0,ERR,ERR
2026-02-05T11:20:44Z,keycloak-0,ERR,ERR
2026-02-05T11:21:19Z,keycloak-0,ERR,ERR
2026-02-05T11:21:54Z,keycloak-0,ERR,ERR
2026-02-05T11:22:29Z,keycloak-0,ERR,ERR
2026-02-05T11:23:04Z,keycloak-0,ERR,ERR
2026-02-05T11:23:39Z,keycloak-0,ERR,ERR
2026-02-05T11:24:14Z,keycloak-0,ERR,ERR
2026-02-05T11:24:49Z,keycloak-0,ERR,ERR
2026-02-05T11:25:24Z,keycloak-0,ERR,ERR
2026-02-05T11:25:59Z,keycloak-0,ERR,ERR
2026-02-05T11:26:34Z,keycloak-0,ERR,ERR
2026-02-05T11:27:10Z,keycloak-0,ERR,ERR
2026-02-05T11:27:45Z,keycloak-0,ERR,ERR
2026-02-05T11:28:20Z,keycloak-0,ERR,ERR
2026-02-05T11:28:55Z,keycloak-0,ERR,ERR
2026-02-05T11:29:30Z,keycloak-0,ERR,ERR
2026-02-05T11:30:05Z,keycloak-0,ERR,ERR
2026-02-05T11:30:40Z,keycloak-0,ERR,ERR
2026-02-05T11:31:15Z,keycloak-0,ERR,ERR
2026-02-05T11:31:50Z,keycloak-0,ERR,ERR
2026-02-05T11:32:25Z,keycloak-0,ERR,ERR
2026-02-05T11:33:00Z,keycloak-0,ERR,ERR
2026-02-05T11:33:35Z,keycloak-0,ERR,ERR
2026-02-05T11:34:10Z,keycloak-0,ERR,ERR
2026-02-05T11:34:45Z,keycloak-0,ERR,ERR
2026-02-05T11:35:21Z,keycloak-0,ERR,ERR
2026-02-05T11:35:56Z,keycloak-0,ERR,ERR
2026-02-05T11:36:31Z,keycloak-0,ERR,ERR
2026-02-05T11:37:06Z,keycloak-0,ERR,ERR
2026-02-05T11:37:41Z,keycloak-0,ERR,ERR
2026-02-05T11:38:16Z,keycloak-0,ERR,ERR
2026-02-05T11:38:51Z,keycloak-0,ERR,ERR
2026-02-05T11:39:26Z,keycloak-0,ERR,ERR
2026-02-05T11:40:01Z,keycloak-0,ERR,ERR
2026-02-05T11:40:36Z,keycloak-0,ERR,ERR
2026-02-05T11:41:11Z,keycloak-0,ERR,ERR
2026-02-05T11:41:46Z,keycloak-0,ERR,ERR
2026-02-05T11:42:21Z,keycloak-0,ERR,ERR
2026-02-05T11:42:56Z,keycloak-0,ERR,ERR
2026-02-05T11:43:32Z,keycloak-0,ERR,ERR
2026-02-05T11:44:07Z,keycloak-0,ERR,ERR
2026-02-05T11:44:42Z,keycloak-0,ERR,ERR
2026-02-05T11:45:17Z,keycloak-0,ERR,ERR
2026-02-05T11:45:52Z,keycloak-0,ERR,ERR
2026-02-05T11:46:27Z,keycloak-0,ERR,ERR
2026-02-05T11:47:02Z,keycloak-0,ERR,ERR
2026-02-05T11:47:37Z,keycloak-0,ERR,ERR
2026-02-05T11:48:12Z,keycloak-0,ERR,ERR
2026-02-05T11:48:47Z,keycloak-0,ERR,ERR
2026-02-05T11:49:22Z,keycloak-0,ERR,ERR
2026-02-05T11:49:57Z,keycloak-0,ERR,ERR
2026-02-05T11:50:32Z,keycloak-0,ERR,ERR
2026-02-05T11:51:07Z,keycloak-0,ERR,ERR
2026-02-05T11:51:43Z,keycloak-0,ERR,ERR
2026-02-05T11:52:18Z,keycloak-0,ERR,ERR
2026-02-05T11:52:53Z,keycloak-0,ERR,ERR
2026-02-05T11:53:28Z,keycloak-0,ERR,ERR
2026-02-05T11:54:03Z,keycloak-0,ERR,ERR
2026-02-05T11:54:38Z,keycloak-0,ERR,ERR
2026-02-05T11:55:13Z,keycloak-0,ERR,ERR
2026-02-05T11:55:48Z,keycloak-0,ERR,ERR
2026-02-05T11:56:23Z,keycloak-0,ERR,ERR
2026-02-05T11:56:58Z,keycloak-0,ERR,ERR
2026-02-05T11:57:33Z,keycloak-0,ERR,ERR
2026-02-05T11:58:08Z,keycloak-0,ERR,ERR
2026-02-05T11:58:43Z,keycloak-0,ERR,ERR
2026-02-05T11:59:19Z,keycloak-0,ERR,ERR
2026-02-05T11:59:54Z,keycloak-0,ERR,ERR
2026-02-05T12:00:29Z,keycloak-0,ERR,ERR
2026-02-05T12:01:04Z,keycloak-0,ERR,ERR
2026-02-05T12:01:39Z,keycloak-0,ERR,ERR
2026-02-05T12:02:14Z,keycloak-0,ERR,ERR
2026-02-05T12:02:49Z,keycloak-0,ERR,ERR
2026-02-05T12:03:24Z,keycloak-0,ERR,ERR
2026-02-05T12:03:59Z,keycloak-0,ERR,ERR
2026-02-05T12:04:34Z,keycloak-0,ERR,ERR
2026-02-05T12:05:09Z,keycloak-0,ERR,ERR
2026-02-05T12:05:44Z,keycloak-0,ERR,ERR
2026-02-05T12:06:19Z,keycloak-0,ERR,ERR
2026-02-05T12:06:54Z,keycloak-0,ERR,ERR
2026-02-05T12:07:30Z,keycloak-0,ERR,ERR
2026-02-05T12:08:05Z,keycloak-0,ERR,ERR
2026-02-05T12:08:40Z,keycloak-0,ERR,ERR
2026-02-05T12:09:15Z,keycloak-0,ERR,ERR
2026-02-05T12:09:50Z,keycloak-0,ERR,ERR
2026-02-05T12:10:25Z,keycloak-0,ERR,ERR
2026-02-05T12:11:00Z,keycloak-0,ERR,ERR
2026-02-05T12:11:35Z,keycloak-0,ERR,ERR
2026-02-05T12:12:10Z,keycloak-0,ERR,ERR
2026-02-05T12:12:45Z,keycloak-0,ERR,ERR
2026-02-05T12:13:20Z,keycloak-0,ERR,ERR
2026-02-05T12:13:55Z,keycloak-0,ERR,ERR
2026-02-05T12:14:30Z,keycloak-0,ERR,ERR
2026-02-05T12:15:06Z,keycloak-0,ERR,ERR
2026-02-05T12:15:41Z,keycloak-0,ERR,ERR
2026-02-05T12:16:16Z,keycloak-0,ERR,ERR
2026-02-05T12:16:51Z,keycloak-0,ERR,ERR
2026-02-05T12:17:26Z,keycloak-0,ERR,ERR
2026-02-05T12:18:01Z,keycloak-0,ERR,ERR
2026-02-05T12:18:36Z,keycloak-0,ERR,ERR
2026-02-05T12:19:11Z,keycloak-0,ERR,ERR
2026-02-05T12:19:46Z,keycloak-0,ERR,ERR
2026-02-05T12:20:21Z,keycloak-0,ERR,ERR
2026-02-05T12:20:56Z,keycloak-0,ERR,ERR
2026-02-05T12:21:31Z,keycloak-0,ERR,ERR
2026-02-05T12:22:06Z,keycloak-0,ERR,ERR
2026-02-05T12:22:41Z,keycloak-0,ERR,ERR
2026-02-05T12:23:17Z,keycloak-0,ERR,ERR
2026-02-05T12:23:52Z,keycloak-0,ERR,ERR
2026-02-05T12:24:27Z,keycloak-0,ERR,ERR
2026-02-05T12:25:02Z,keycloak-0,ERR,ERR
2026-02-05T12:25:37Z,keycloak-0,ERR,ERR
2026-02-05T12:26:12Z,keycloak-0,ERR,ERR
2026-02-05T12:26:47Z,keycloak-0,ERR,ERR
2026-02-05T12:27:22Z,keycloak-0,ERR,ERR
2026-02-05T12:27:57Z,keycloak-0,ERR,ERR
2026-02-05T12:28:32Z,keycloak-0,ERR,ERR
2026-02-05T12:29:07Z,keycloak-0,ERR,ERR
2026-02-05T12:29:42Z,keycloak-0,ERR,ERR
2026-02-05T12:30:17Z,keycloak-0,ERR,ERR
2026-02-05T12:30:52Z,keycloak-0,ERR,ERR
2026-02-05T12:31:28Z,keycloak-0,ERR,ERR
2026-02-05T12:32:03Z,keycloak-0,ERR,ERR
2026-02-05T12:32:38Z,keycloak-0,ERR,ERR
2026-02-05T12:33:13Z,keycloak-0,ERR,ERR
2026-02-05T12:33:48Z,keycloak-0,ERR,ERR
2026-02-05T12:34:23Z,keycloak-0,ERR,ERR
2026-02-05T12:34:58Z,keycloak-0,ERR,ERR
2026-02-05T12:35:33Z,keycloak-0,ERR,ERR
2026-02-05T12:36:08Z,keycloak-0,ERR,ERR
2026-02-05T12:36:43Z,keycloak-0,ERR,ERR
2026-02-05T12:37:18Z,keycloak-0,ERR,ERR
2026-02-05T12:37:53Z,keycloak-0,ERR,ERR
2026-02-05T12:38:28Z,keycloak-0,ERR,ERR
2026-02-05T12:39:04Z,keycloak-0,ERR,ERR
2026-02-05T12:39:39Z,keycloak-0,ERR,ERR
2026-02-05T12:40:14Z,keycloak-0,ERR,ERR
2026-02-05T12:40:49Z,keycloak-0,ERR,ERR
2026-02-05T12:41:24Z,keycloak-0,ERR,ERR
2026-02-05T12:41:59Z,keycloak-0,ERR,ERR
2026-02-05T12:42:34Z,keycloak-0,ERR,ERR
2026-02-05T12:43:09Z,keycloak-0,ERR,ERR
2026-02-05T12:43:44Z,keycloak-0,ERR,ERR
2026-02-05T12:44:19Z,keycloak-0,ERR,ERR
2026-02-05T12:44:54Z,keycloak-0,ERR,ERR
2026-02-05T12:45:29Z,keycloak-0,ERR,ERR
2026-02-05T12:46:04Z,keycloak-0,ERR,ERR
2026-02-05T12:46:39Z,keycloak-0,ERR,ERR
2026-02-05T12:47:14Z,keycloak-0,ERR,ERR
2026-02-05T12:47:50Z,keycloak-0,ERR,ERR
2026-02-05T12:48:25Z,keycloak-0,ERR,ERR
2026-02-05T12:49:00Z,keycloak-0,ERR,ERR
2026-02-05T12:49:35Z,keycloak-0,ERR,ERR
2026-02-05T12:50:10Z,keycloak-0,ERR,ERR
2026-02-05T12:50:45Z,keycloak-0,ERR,ERR
2026-02-05T12:51:20Z,keycloak-0,ERR,ERR
2026-02-05T12:51:55Z,keycloak-0,ERR,ERR
2026-02-05T12:52:30Z,keycloak-0,ERR,ERR
2026-02-05T12:53:05Z,keycloak-0,ERR,ERR
2026-02-05T12:53:40Z,keycloak-0,ERR,ERR
2026-02-05T12:54:15Z,keycloak-0,ERR,ERR
2026-02-05T12:54:50Z,keycloak-0,ERR,ERR
2026-02-05T12:55:25Z,keycloak-0,ERR,ERR
2026-02-05T12:56:01Z,keycloak-0,ERR,ERR
2026-02-05T12:56:36Z,keycloak-0,ERR,ERR
2026-02-05T12:57:11Z,keycloak-0,ERR,ERR
2026-02-05T12:57:46Z,keycloak-0,ERR,ERR
2026-02-05T12:58:21Z,keycloak-0,ERR,ERR
2026-02-05T12:58:56Z,keycloak-0,ERR,ERR
2026-02-05T12:59:31Z,keycloak-0,ERR,ERR
2026-02-05T13:00:06Z,keycloak-0,ERR,ERR
2026-02-05T13:00:41Z,keycloak-0,ERR,ERR
2026-02-05T13:01:16Z,keycloak-0,ERR,ERR
2026-02-05T13:01:51Z,keycloak-0,ERR,ERR
2026-02-05T13:02:26Z,keycloak-0,ERR,ERR
2026-02-05T13:03:01Z,keycloak-0,ERR,ERR
2026-02-05T13:03:36Z,keycloak-0,ERR,ERR
2026-02-05T13:04:12Z,keycloak-0,ERR,ERR
2026-02-05T13:04:47Z,keycloak-0,ERR,ERR
2026-02-05T13:05:22Z,keycloak-0,ERR,ERR
2026-02-05T13:05:57Z,keycloak-0,ERR,ERR
2026-02-05T13:06:32Z,keycloak-0,ERR,ERR
2026-02-05T13:07:07Z,keycloak-0,ERR,ERR
2026-02-05T13:07:42Z,keycloak-0,ERR,ERR
2026-02-05T13:08:17Z,keycloak-0,ERR,ERR
2026-02-05T13:08:52Z,keycloak-0,ERR,ERR
2026-02-05T13:09:27Z,keycloak-0,ERR,ERR
2026-02-05T13:10:02Z,keycloak-0,ERR,ERR
2026-02-05T13:10:37Z,keycloak-0,ERR,ERR
2026-02-05T13:11:12Z,keycloak-0,ERR,ERR
2026-02-05T13:11:47Z,keycloak-0,ERR,ERR
2026-02-05T13:12:23Z,keycloak-0,ERR,ERR
2026-02-05T13:12:58Z,keycloak-0,ERR,ERR
2026-02-05T13:13:33Z,keycloak-0,ERR,ERR
2026-02-05T13:14:08Z,keycloak-0,ERR,ERR
2026-02-05T13:14:43Z,keycloak-0,ERR,ERR
2026-02-05T13:15:18Z,keycloak-0,ERR,ERR
2026-02-05T13:15:53Z,keycloak-0,ERR,ERR
